id;title;description;done;created_date;schedule;priority
1;mobile Fish;Home Loan Account Table Computer;false;2019-07-13T07:07:06;2019-07-12T21:21:08;URGENT
2;Tasty Metal Bacon;red Chips Soap;false;2019-07-13T03:27:38;2019-07-13T05:32:46;URGENT
3;Namibia;Steel zero administration;false;2019-07-13T12:33:13;2019-07-13T07:11:40;MEDIUM
4;syndicate;Mississippi Refined Rubber Chicken Table;false;2019-07-13T17:49:18;2019-07-12T19:22:02;URGENT
5;Public-key;infomediaries;false;2019-07-13T03:30:01;2019-07-13T06:15:22;HIGH
6;copy convergence;Mayotte;false;2019-07-13T17:23:19;2019-07-12T18:52:13;HIGH
7;capacitor archive;sky blue Tasty Plastic Pizza;false;2019-07-13T00:12:17;2019-07-13T11:37:40;URGENT
8;Home Loan Account;Plastic;true;2019-07-13T14:10:25;2019-07-13T16:21:03;MEDIUM
9;reinvent 24 hour Jewelery;monitor;true;2019-07-12T23:10:34;2019-07-12T23:37:47;MEDIUM
10;generating Highway Ergonomic;moratorium moratorium;true;2019-07-13T03:56:57;2019-07-13T02:50:20;MEDIUM
